Full Name,Email,Company,ACE POC,Signed In,Signed Out,Duration,Sign-out method,US Citizen,Purpose,Location,Source
Priscilla Mercado,pmercado@spectra360.com,Spectra360,,"10/6/2026, 1:49:43 PM",,—,,Yes,Other,New Jersey,kiosk
Monica Wetz,mwetz@mmm.com,3M,Jerry Parker,"10/1/2026, 3:00:51 PM","10/1/2026, 6:00:51 PM",3h 0m,auto,Yes,,Michigan,kiosk
Brandon Hostetter,bhostetter@mmm.com,3M,Jerry Parker,"10/1/2026, 2:59:34 PM","10/1/2026, 5:59:34 PM",3h 0m,auto,Yes,Visit,Michigan,kiosk
Leslie Bednarz,lbednarz@the-center.org,MMTC,Jerry Parker,"9/30/2026, 9:28:58 AM","9/30/2026, 11:14:52 AM",1h 46m,kiosk,Yes,Visit,Michigan,kiosk
Kevin Sun,kevin@wilsonindustries.com,,,"9/29/2026, 11:05:53 AM","9/29/2026, 2:05:53 PM",3h 0m,auto,Yes,,New Jersey,kiosk
Glenn Davis,gavis@hughespeters.com,Hughes Peters,,"9/29/2026, 10:58:47 AM","9/29/2026, 11:54:28 AM",56m,kiosk,Yes,Meeting,New Jersey,kiosk
Dave Vadodaria,dave@caltronics.com,Caltronics circuits llc,,"9/24/2026, 11:48:20 AM","9/24/2026, 2:48:20 PM",3h 0m,auto,Yes,Meeting,New Jersey,kiosk
Artie Aldarondo,artie.aldarondo@peigenesis.com,Pei,,"9/24/2026, 9:55:00 AM","9/24/2026, 12:55:00 PM",3h 0m,auto,Yes,,New Jersey,kiosk
Joseph Miller,joseph.miller@aon3d.com,AON3D,,"9/17/2026, 8:58:37 AM","9/17/2026, 11:58:37 AM",3h 0m,auto,Yes,Other,Michigan,kiosk
Mathew Henderson,mathew.s.henderson.mil@army.mil,,Jerry Parker,"9/16/2026, 12:58:01 PM","9/16/2026, 1:23:33 PM",26m,kiosk,Yes,Visit,Michigan,kiosk
Jordan Hancock,jordan.hancock12@gmail.com,,,"9/16/2026, 12:56:44 PM","9/16/2026, 1:23:04 PM",26m,kiosk,Yes,,Michigan,kiosk
Clyde Pearch,clyde.pearch@eaglegroupusa.com,Eagle group usa inc,,"9/15/2026, 12:59:49 PM","9/15/2026, 3:59:49 PM",3h 0m,,,,Michigan,kiosk
Clyde Pearch,clyde.pearch@eaglegroupusa.com,Eagle group usa inc,,"9/15/2026, 8:00:15 AM","9/15/2026, 11:00:15 AM",3h 0m,,Yes,Meeting,Michigan,kiosk
Matthew Walker,matthew.j.walker@lmco.com,Lockheed,Amanda Ariano,"9/8/2026, 10:04:44 AM","9/8/2026, 1:04:44 PM",3h 0m,,Yes,Visit,New Jersey,kiosk
Emmanuel Mensah,emmanuel.mensah6.civ@mail.mil,Dcma,,"9/3/2026, 8:16:37 AM","9/3/2026, 11:16:37 AM",3h 0m,,,,New Jersey,kiosk
David Lennon,dlennon@harbortg.com,,,"9/3/2026, 7:34:07 AM","9/3/2026, 10:34:07 AM",3h 0m,,Yes,,New Jersey,kiosk
Fred Murphy,fmurphy@rmsgrp.com,RMS,Sue Divilia,"9/3/2026, 6:48:09 AM","9/3/2026, 9:48:09 AM",3h 0m,,Yes,,New Jersey,kiosk
Matthew Perry,matthew.l.perry45.civ@mail.mil,,,"8/31/2026, 8:24:20 AM","8/31/2026, 11:24:20 AM",3h 0m,,Yes,Inspection,Michigan,kiosk
Fred Murphy,fmurphy@rmsgrp.com,RMS,,"8/31/2026, 7:31:48 AM","8/31/2026, 10:31:48 AM",3h 0m,,Yes,,Michigan,kiosk
David Lennon,dlennon@harbortg.com,,,"8/31/2026, 7:31:19 AM","8/31/2026, 10:31:19 AM",3h 0m,,Yes,,Michigan,kiosk
Frank Sturek,frank.sturek@detroitdefense.com,Detroit Defense,Sanjay Parimi,"8/26/2026, 11:01:31 AM","8/26/2026, 2:01:31 PM",3h 0m,,,,Maryland,kiosk
Mikayla Langbacka,mikaela@imitechnology.com,IMI,Sanjay Parimi,"8/26/2026, 8:06:49 AM","8/26/2026, 11:06:49 AM",3h 0m,,,,Maryland,kiosk
Michael Markulec,mmarkulec@harbortg.com,Harbor,Sue Divilia,"8/25/2026, 2:29:44 PM","8/25/2026, 5:29:44 PM",3h 0m,,Yes,Meeting,New Jersey,kiosk
David Lennon,dlennon@harbortg.com,,,"8/25/2026, 2:28:59 PM","8/25/2026, 5:28:59 PM",3h 0m,,,,New Jersey,kiosk
Fred Murphy,fmurphy@rmsgrp.com,RMS,Sue Divilia,"8/25/2026, 2:28:24 PM","8/25/2026, 5:28:24 PM",3h 0m,,Yes,Meeting,New Jersey,kiosk
Chaunte Barnes,chaunte.m.barnes.civ@mail.mil,DIBCAC,,"8/14/2026, 10:00:07 AM","8/14/2026, 1:00:07 PM",3h 0m,,,,Maryland,kiosk
Tammie Thompson,tammie.j.thompson.civ@mail.mil,DIBCAC,Sue Divilia,"8/14/2026, 9:59:26 AM","8/14/2026, 12:59:26 PM",3h 0m,,,,Maryland,kiosk
Shanicwa Penny,shanicwa.s.penny.civ@mail.mil,DCMA,,"8/14/2026, 7:51:15 AM","8/14/2026, 10:51:15 AM",3h 0m,,,,Maryland,kiosk
Kevin Anderson,kevin.d.anderson86.civ@mail.mil,,,"8/14/2026, 7:48:39 AM","8/14/2026, 10:48:39 AM",3h 0m,,,,Maryland,kiosk
Denise Gbey,denise.d.gbey.civ@mail.mil,DCMA,Sue Divilia,"8/13/2026, 11:25:03 AM","8/13/2026, 2:25:03 PM",3h 0m,,,,Maryland,kiosk
Ashwin Patel,apatel@breeze-eastern.com,Breeze,,"8/13/2026, 10:24:18 AM","8/13/2026, 1:24:18 PM",3h 0m,,,,New Jersey,kiosk
Chaunte Barnes,chaunte.m.barnes.civ@mail.mil,DIBCAC,,"8/13/2026, 7:56:09 AM","8/13/2026, 10:56:09 AM",3h 0m,,,,Maryland,kiosk
Lisandra Acevedo-Agostini,lisandra.acevedoagostini.civ@mail.mil,DCMA,,"8/13/2026, 7:55:25 AM","8/13/2026, 10:55:25 AM",3h 0m,,,,Maryland,kiosk
Tammie Thompson,tammie.j.thompson.civ@mail.mil,DIBCAC,Sue Divilia,"8/13/2026, 7:53:52 AM","8/13/2026, 10:53:52 AM",3h 0m,,,,Maryland,kiosk
Shanicwa Penny,shanicwa.s.penny.civ@mail.mil,DCMA,,"8/13/2026, 7:45:05 AM","8/13/2026, 10:45:05 AM",3h 0m,,,,Maryland,kiosk
Kevin Anderson,kevin.d.anderson86.civ@mail.mil,,,"8/13/2026, 7:42:36 AM","8/13/2026, 10:42:36 AM",3h 0m,,,,Maryland,kiosk
Lisandra Acevedo-Agostini,lisandra.acevedoagostini.civ@mail.mil,DCMA,,"8/12/2026, 7:56:10 AM","8/12/2026, 10:56:10 AM",3h 0m,,,,Maryland,kiosk
Chaunte Barnes,chaunte.m.barnes.civ@mail.mil,DIBCAC,,"8/12/2026, 7:55:29 AM","8/12/2026, 10:55:29 AM",3h 0m,,,,Maryland,kiosk
Tammie Thompson,tammie.j.thompson.civ@mail.mil,DIBCAC,Sue Divilia,"8/12/2026, 7:54:33 AM","8/12/2026, 10:54:33 AM",3h 0m,,,,Maryland,kiosk
Shanicwa Penny,shanicwa.s.penny.civ@mail.mil,DCMA,,"8/12/2026, 7:40:29 AM","8/12/2026, 10:40:29 AM",3h 0m,,,,Maryland,kiosk
Kevin Anderson,kevin.d.anderson86.civ@mail.mil,,,"8/12/2026, 7:39:45 AM","8/12/2026, 10:39:45 AM",3h 0m,,,,Maryland,kiosk
Jeditza Rivera,jeditza.rivera@elbitsystems-us.com,Elbit,,"8/11/2026, 12:44:31 PM","8/11/2026, 3:44:31 PM",3h 0m,,,,New Jersey,kiosk
Russell Keating,rkeating@powell.com,Powell Elec,Tom Buoye,"8/11/2026, 11:51:58 AM","8/11/2026, 2:51:58 PM",3h 0m,,,,New Jersey,kiosk
Tammie Thompson,tammie.j.thompson.civ@mail.com,DIBCAC,Sue Divilia,"8/11/2026, 7:58:25 AM","8/11/2026, 10:58:25 AM",3h 0m,,,,Maryland,kiosk
Lisandra Acevedo-Agostini,lisandra.acevedoagostini.civ@mail.mil,DCMA,,"8/11/2026, 7:56:22 AM","8/11/2026, 10:56:22 AM",3h 0m,,,,Maryland,kiosk
Chaunte Barnes,chaunte.m.barnes.civ@mail.mil,DIBCAC,,"8/11/2026, 7:55:39 AM","8/11/2026, 10:55:39 AM",3h 0m,,,,Maryland,kiosk
Denise Gbey,denise.d.gbey.civ@mail.mil,DCMA,Sue Divilia,"8/11/2026, 7:54:54 AM","8/11/2026, 10:54:54 AM",3h 0m,,,,Maryland,kiosk
Delroy Nyereyemhuka,delroy.nyereyemhuka.civ@mail.mil,,,"8/11/2026, 7:54:09 AM","8/11/2026, 10:54:09 AM",3h 0m,,,,Maryland,kiosk
Shanicwa Penny,shanicwa.s.penny.civ@mail.mil,DCMA,,"8/11/2026, 7:40:49 AM","8/11/2026, 10:40:49 AM",3h 0m,,,,Maryland,kiosk
Kevin Anderson,kevin.d.anderson86.civ@mail.mil,,Nish Patel,"8/11/2026, 7:39:51 AM","8/11/2026, 10:39:51 AM",3h 0m,,,,Maryland,kiosk
Jefitza Rivera,jeditza.rivera@elbitsystems-us.com,Elbit,,"8/10/2026, 1:57:22 PM","8/10/2026, 4:57:22 PM",3h 0m,,,,New Jersey,kiosk
Denise Gbey,denise.d.gbey.civ@mail.mil,DCMA,Sue Divilia,"8/10/2026, 8:08:45 AM","8/10/2026, 11:08:45 AM",3h 0m,,,,Maryland,kiosk
Tammie Thompson,tammie.j.thompson.civ@mail.mil,DIBCAC,Sue Divilia,"8/10/2026, 8:07:26 AM","8/10/2026, 11:07:26 AM",3h 0m,,,,Maryland,kiosk
Chaunte Barnes,chaunte.m.barnes.civ@mail.mil,DIBCAC,,"8/10/2026, 8:04:39 AM","8/10/2026, 11:04:39 AM",3h 0m,,,,Maryland,kiosk
Lisandra Acevedo-Agostini,lisandra.acevedoagostini.civ@mail.mil,DCMA,,"8/10/2026, 8:03:22 AM","8/10/2026, 11:03:22 AM",3h 0m,,,,Maryland,kiosk
Delroy Nyereyemhuka,delroy.nyereyemhuka.civ@mail.mil,,,"8/10/2026, 7:53:26 AM","8/10/2026, 10:53:26 AM",3h 0m,,,,Maryland,kiosk
Shanicwa Penny,shanicwa.s.penny.civ@mail.mil,,,"8/10/2026, 7:51:13 AM","8/10/2026, 10:51:13 AM",3h 0m,,,,Maryland,kiosk
Kevin Anderson,kevin.d.anderson86.civ@mail.mil,,Nish Patel,"8/10/2026, 7:45:27 AM","8/10/2026, 10:45:27 AM",3h 0m,,,,Maryland,kiosk
David Lennon,dlennon@harbortg.com,,,"8/10/2026, 7:15:58 AM","8/10/2026, 10:15:58 AM",3h 0m,,,,Maryland,kiosk
Tyler Hurley,thurley@adsinc.com,ADS Inc.,,"8/7/2026, 10:26:24 AM","8/7/2026, 1:26:24 PM",3h 0m,,,,Maryland,kiosk
Steve Haug,steven.d.haug5.civ@army.mil,,,"8/7/2026, 8:57:37 AM","8/7/2026, 11:57:37 AM",3h 0m,,,,Maryland,kiosk
Kyle Hurst,kyle.b.hurst.mil@army.mil,PM Combat Ready PNT,Sanjay Parimi,"8/7/2026, 8:56:32 AM","8/7/2026, 11:56:32 AM",3h 0m,,,,Maryland,kiosk
Cailin Divney,cailin.m.divney.civ@army.mil,,,"8/7/2026, 8:55:07 AM","8/7/2026, 11:55:07 AM",3h 0m,,,,Maryland,kiosk
Matthew West,matthew.r.west3.mil@army.mil,,Ashley Morris,"8/7/2026, 8:26:00 AM","8/7/2026, 11:26:00 AM",3h 0m,,,,Maryland,kiosk
Jayden Stanfield,bigmanjps@yahoo.com,,,"8/6/2026, 8:17:23 AM","8/6/2026, 11:17:23 AM",3h 0m,,,,Maryland,kiosk
Tim Lyons,timothy.r.lyons6.civ@army.mil,US Army,Amanda Ariano,"8/4/2026, 8:56:43 AM","8/4/2026, 11:56:43 AM",3h 0m,,,,New Jersey,kiosk
Robert Dombrowski,bobd@insulfab.com,Insulfab,,"8/4/2026, 8:27:35 AM","8/4/2026, 11:27:35 AM",3h 0m,,,,New Jersey,kiosk
Randeep Singh,randeep@aon3d.com,Aon3d,Jerry Parker,"7/28/2026, 2:09:00 PM","7/28/2026, 5:09:00 PM",3h 0m,,,,New Jersey,kiosk
Jeff Meister,jmeister@njmep.org,NJMEP,,"7/24/2026, 9:58:45 AM","7/24/2026, 12:58:45 PM",3h 0m,,,,New Jersey,kiosk
Eric Cortese,eric.cortese@omron.com,Omron,Parth Patel,"7/22/2026, 1:35:51 PM","7/22/2026, 4:35:51 PM",3h 0m,,,,New Jersey,kiosk
Josh Reynolds,joshua.reynolds@rsamericas.com,,,"7/22/2026, 1:34:40 PM","7/22/2026, 4:34:40 PM",3h 0m,,,,New Jersey,kiosk
Matthew Walker,matthew.j.walker@lmco.com,Lockheed,Steve Weber,"7/14/2026, 9:00:07 AM","7/14/2026, 12:00:07 PM",3h 0m,,,,New Jersey,kiosk
Thomas Reyes,treyes@verifyglobal.com,Verify inc,,"7/10/2026, 1:09:02 PM","7/10/2026, 4:09:02 PM",3h 0m,,,,New Jersey,kiosk
Ashwin Patel,apatel@breeze-eastern.com,Breeze,,"7/9/2026, 9:10:45 AM","7/9/2026, 12:10:45 PM",3h 0m,,,,New Jersey,kiosk
Vicki Trimbach,vicki.h.trimbach@lmco.com,Lmco,Steve Weber,"7/1/2026, 1:16:42 PM","7/1/2026, 4:16:42 PM",3h 0m,,,,New Jersey,kiosk
Tony Colonno,ee4821@aol.com,,,"7/1/2026, 11:59:00 AM","7/1/2026, 2:59:00 PM",3h 0m,,,,New Jersey,kiosk
Kevin Sun,kevin@wilsonindustries.com,,,"7/1/2026, 10:39:30 AM","7/1/2026, 1:39:30 PM",3h 0m,,,,New Jersey,kiosk
Michael Markulec,mmarkulec@harbortg.com,Harbor,Parth Patel,"7/1/2026, 9:02:22 AM","7/1/2026, 12:02:22 PM",3h 0m,,,,New Jersey,kiosk
Matt Alvarez,matthewalvareznj@gmail.com,Surplus breakers and wire,,"6/29/2026, 12:48:06 PM","6/29/2026, 3:48:06 PM",3h 0m,,,,New Jersey,kiosk
Ashwin Patel,apatel@breeze-eastern.com,Breeze,Amanda Ariano,"6/29/2026, 8:15:54 AM","6/29/2026, 11:15:54 AM",3h 0m,,,,New Jersey,kiosk
Andrew Tabedzki,atabedzki@marotta.com,Marotta,Tom Buoye,"5/29/2026, 9:17:03 AM","5/29/2026, 12:17:03 PM",3h 0m,,,,,kiosk
Artie Aldarondo,artie.aldarondo@peigenesis.com,Pei,Jimmy Pace,"5/13/2026, 6:17:12 AM","5/13/2026, 9:17:12 AM",3h 0m,,Yes,Visitor,Ace Electronics HQ,envoy
Tim Lyons,timothy.r.lyons6.civ@army.mil,US Army,Amanda Ariano,"5/13/2026, 5:16:50 AM","5/13/2026, 8:16:50 AM",3h 0m,,Yes,Visitor,Ace Electronics HQ,envoy
Ashwin Patel,apatel@breeze-eastern.com,Breeze,Amanda Ariano,"5/11/2026, 9:00:37 AM","5/11/2026, 9:07:05 AM",6m,,Yes,Visitor,Ace Electronics HQ,envoy
Nish Patel,nvp@aol.com,Ng jgcutc,Pam Schweitzer,"4/29/2026, 12:20:49 PM","4/29/2026, 3:20:49 PM",3h 0m,,Yes,Visitor,Ace Electronics HQ,envoy
Clyde Pearch,clyde.pearch@eaglegroupusa.com,Eagle group usa inc,Eric Jackson,"4/29/2026, 4:03:39 AM","4/29/2026, 7:03:39 AM",3h 0m,,Yes,Visitor,Ace Electronics HQ,envoy
Thomas Machynko,thomas.j.machynko.civ@mail.mil,Dcma,Amanda Ariano,"4/28/2026, 5:25:48 AM","4/28/2026, 5:34:31 AM",9m,,Yes,Visitor,Ace Electronics HQ,envoy
Ashwin Patel,apatel@breeze-eastern.com,Breeze,Amanda Ariano,"4/27/2026, 6:46:03 AM","4/27/2026, 6:58:06 AM",12m,,Yes,Visitor,Ace Electronics HQ,envoy
Tim Lyons,timothy.r.lyons6.civ@army.mil,US Army,Amanda Ariano,"4/24/2026, 4:42:06 AM","4/24/2026, 7:42:06 AM",3h 0m,,Yes,Visitor,Ace Electronics HQ,envoy
Ellen McNamara,emcnamara@sib-marketing.com,SIB,Parth Patel,"4/22/2026, 10:12:36 AM","4/22/2026, 1:12:36 PM",3h 0m,,Us citizen,Visitor,Ace Electronics HQ,envoy
Ashwin Patel,apatel@breeze-eastern.com,Breeze,Amanda Ariano,"4/22/2026, 9:57:49 AM","4/22/2026, 10:15:36 AM",18m,,Yes,Visitor,Ace Electronics HQ,envoy
Joe Decarlo,jdecarlo@nsf.org,Nsf,Steve Weber,"4/16/2026, 4:24:02 AM","4/16/2026, 11:06:29 AM",6h 42m,,Yes,Visitor,Ace Electronics HQ,envoy
Thomas Machynko,thomas.j.machynko.civ@mail.mil,Dcma,Amanda Ariano,"4/10/2026, 5:08:17 AM","4/10/2026, 5:33:55 AM",26m,,Yes,Visitor,Ace Electronics HQ,envoy
Ashwin Patel,apatel@breeze-eastern.com,Breeze,Amanda Ariano,"4/1/2026, 6:28:30 AM","4/1/2026, 6:38:13 AM",10m,,Yes,Visitor,Ace Electronics HQ,envoy
Tim Lyons,timothy.r.lyons6.civ@army.mil,US Army,Alyssa Ariano,"3/27/2026, 8:29:44 AM","3/27/2026, 11:29:44 AM",3h 0m,,Yes,Visitor,Ace Electronics HQ,envoy
Michael Philip Mertz,michael@michaelmertz.com,Mertz Consulting LLC,Nish Patel,"3/27/2026, 5:38:54 AM","3/27/2026, 8:38:54 AM",3h 0m,,Yes,Visitor,Ace Electronics HQ,envoy
Ashwin Patel,apatel@breeze-eastern.com,Breeze,Amanda Ariano,"3/25/2026, 9:37:35 AM","3/25/2026, 9:54:22 AM",17m,,Yes,Visitor,Ace Electronics HQ,envoy
Vincent Scarpa,vscarpa@biscoind.com,Bisco,Eric Butler,"3/19/2026, 6:02:22 AM","3/19/2026, 9:02:22 AM",3h 0m,,Yes,Visitor,Ace Electronics HQ,envoy
Ashwin Patel,apatel@breeze-eastern.com,Breeze,Amanda Ariano,"3/18/2026, 6:33:59 AM","3/18/2026, 6:39:18 AM",5m,,Yes,Visitor,Ace Electronics HQ,envoy
Henry Ancker,henry.ancker@samtec.com,Samtec,Tom Buoye,"3/17/2026, 9:29:02 AM","3/17/2026, 12:29:02 PM",3h 0m,,Yes,Visitor,Ace Electronics HQ,envoy
Artie Aldarondo,artie.aldarondo@peigenesis.com,Pei,Mike Serio,"3/11/2026, 5:51:16 AM","3/11/2026, 8:51:16 AM",3h 0m,,Yes,Visitor,Ace Electronics HQ,envoy
Ashwin Patel,apatel@breeze-eastern.com,Breeze,Amanda Ariano,"3/10/2026, 8:55:06 AM","3/10/2026, 9:11:32 AM",16m,,Yes,Visitor,Ace Electronics HQ,envoy
Maria Iadonisi,mi320@aol.com,New yorker,Jimmy Pace,"3/10/2026, 6:19:21 AM","3/10/2026, 9:19:21 AM",3h 0m,,Yes,Visitor,Ace Electronics HQ,envoy
Thomas Reyes,treyes@verifyglobal.com,Verify inc,Steve Weber,"3/10/2026, 4:14:34 AM","3/10/2026, 4:59:12 AM",45m,,Yes,Visitor,Ace Electronics HQ,envoy
Elizabeth Betts,elizabeth.q.betts.civ@army.mil,Army,Steve Weber,"3/5/2026, 4:17:50 AM","3/5/2026, 5:52:03 AM",1h 34m,,Citizen,Visitor,Ace Electronics HQ,envoy
Ashwin Patel,apatel@breeze-eastern.com,Breeze,Amanda Ariano,"3/4/2026, 6:09:39 AM","3/4/2026, 6:39:42 AM",30m,,Yes,Visitor,Ace Electronics HQ,envoy
Matthew Walker,matthew.j.walker@lmco.com,Lockheed,Steve Weber,"3/3/2026, 5:32:34 AM","3/3/2026, 6:58:11 AM",1h 26m,,Citizen,Visitor,Ace Electronics HQ,envoy
Tj Corcoran,thomas.corcoran@xpressconnect.com,Xpressconnect supply,Tom Buoye,"2/19/2026, 9:08:04 AM","2/19/2026, 12:08:04 PM",3h 0m,,Yes,Visitor,Ace Electronics HQ,envoy
Clyde Pearch,clyde.pearch@eaglegroupusa.com,Eagle group usa inc,Eric Jackson,"2/18/2026, 2:21:33 AM","2/18/2026, 9:43:36 AM",7h 22m,,Yes,Visitor,Ace Electronics HQ,envoy
Clyde Pearch,clyde.pearch@eaglegroupusa.com,Eagle group usa inc,Eric Jackson,"2/17/2026, 2:56:08 AM","2/17/2026, 11:25:51 AM",8h 30m,,Yes,Visitor,Ace Electronics HQ,envoy
Ashwin Patel,apatel@breeze-eastern.com,Breeze,Amanda Ariano,"2/13/2026, 8:45:31 AM","2/13/2026, 8:57:50 AM",12m,,Yes,Visitor,Ace Electronics HQ,envoy
Michael Mertz,michael@michaelmertz.com,Mertz Consulting LLC,Nish Patel,"2/4/2026, 3:56:48 AM","2/4/2026, 5:27:30 AM",1h 31m,,Yes,Visitor,Ace Electronics HQ,envoy
Ashwin Patel,apatel@breeze-eastern.com,Breeze,Amanda Ariano,"2/2/2026, 6:08:43 AM","2/2/2026, 6:18:11 AM",9m,,Yes,Visitor,Ace Electronics HQ,envoy
Matthew Walker,matthew.j.walker@lmco.com,Lockheed,Steve Weber,"1/27/2026, 6:25:57 AM","1/27/2026, 9:11:41 AM",2h 46m,,Citizen,Visitor,Ace Electronics HQ,envoy
Ashwin Patel,apatel@breeze-eastern.com,Breeze,Amanda Ariano,"1/23/2026, 8:02:30 AM","1/23/2026, 8:19:30 AM",17m,,Yes,Visitor,Ace Electronics HQ,envoy
Thomas Machynko,thomas.j.machynko.civ@mail.mil,Dcma,Amanda Ariano,"1/14/2026, 3:55:31 AM","1/14/2026, 5:02:13 AM",1h 7m,,Yes,Visitor,Ace Electronics HQ,envoy
Mike Lucas,governmentmarketingusa@gmail.com,Spacecraft,Mike Serio,"1/13/2026, 3:57:31 AM","1/13/2026, 6:57:31 AM",3h 0m,,Us,Visitor,Ace Electronics HQ,envoy
Ashwin Patel,apatel@breeze-eastern.com,Breeze,Amanda Ariano,"1/7/2026, 3:12:34 AM","1/7/2026, 3:35:48 AM",23m,,Yes,Visitor,Ace Electronics HQ,envoy
Brian Morris,bmorris@heilind.com,Heilind,Tom Buoye,"12/30/2025, 9:18:36 AM","12/30/2025, 12:18:36 PM",3h 0m,,Yes,Visitor,Ace Electronics HQ,envoy
Ashwin Patel,apatel@breeze-eastern.com,Breeze,Amanda Ariano,"12/18/2025, 8:07:00 AM","12/18/2025, 8:22:27 AM",15m,,Yes,Visitor,Ace Electronics HQ,envoy
Ashwin Patel,apatel@breeze-eastern.com,Breeze,Amanda Ariano,"12/12/2025, 5:49:45 AM","12/12/2025, 6:38:55 AM",49m,,Yes,Visitor,Ace Electronics HQ,envoy
Tim Lyons,timothy.r.lyons6.civ@army.mil,US Army,Steve Weber,"12/11/2025, 3:39:02 AM","12/11/2025, 6:21:58 AM",2h 43m,,Yes,Visitor,Ace Electronics HQ,envoy
Brian Morris,bmorris@heilind.com,Heilind,Tom Buoye,"12/4/2025, 9:23:00 AM","12/4/2025, 12:23:00 PM",3h 0m,,Yes,Visitor,Ace Electronics HQ,envoy
Keyman Lew,keyman@fogartytsa.com,OCC,Nish Patel,"12/4/2025, 5:54:19 AM","12/4/2025, 6:51:47 AM",57m,,Yes,Visitor,Ace Electronics HQ,envoy
Alisha Hamilton,alisha.hamilton@occfiber.com,Optical cable,Nish Patel,"12/4/2025, 5:53:05 AM","12/4/2025, 6:51:40 AM",59m,,Yes,Visitor,Ace Electronics HQ,envoy
James Symonds,james.symonds@occfiber.com,OCC,Nish Patel,"12/4/2025, 5:51:35 AM","12/4/2025, 6:51:32 AM",1h 0m,,Yes,Visitor,Ace Electronics HQ,envoy
Ashwin Patel,apatel@breeze-eastern.com,Breeze,Amanda Ariano,"11/6/2025, 5:48:51 AM","11/6/2025, 6:19:59 AM",31m,,Yes,Visitor,Ace Electronics HQ,envoy
Matthew Walker,matthew.j.walker@lmco.com,Lockheed,Steve Weber,"11/3/2025, 3:19:13 AM","11/3/2025, 5:00:02 AM",1h 41m,,Citizen,Visitor,Ace Electronics HQ,envoy
Pamella Ledingham,pam.ledingham@us.fdhaero.com,FDH,Tom Buoye,"10/29/2025, 9:19:55 AM","10/29/2025, 12:19:55 PM",3h 0m,,Yes,Visitor,Ace Electronics HQ,envoy
Thomas Machynko,thomas.j.machynko.civ@mail.mil,Dcma,Amanda Ariano,"10/28/2025, 5:14:44 AM","10/28/2025, 8:14:44 AM",3h 0m,,Yes,Visitor,Ace Electronics HQ,envoy
Ashwin Patel,apatel@breeze-eastern.com,Breeze,Amanda Ariano,"10/27/2025, 9:11:06 AM","10/27/2025, 12:11:06 PM",3h 0m,,Yes,Visitor,Ace Electronics HQ,envoy
Thomas Machynko,thomas.j.machynko.civ@mail.mil,Dcma,Amanda Ariano,"10/21/2025, 5:10:35 AM","10/21/2025, 6:27:15 AM",1h 17m,,Yes,Visitor,Ace Electronics HQ,envoy
Ashwin Patel,apatel@breeze-eastern.com,Breeze,Amanda Ariano,"10/16/2025, 9:07:13 AM","10/16/2025, 12:07:13 PM",3h 0m,,Yes,Visitor,Ace Electronics HQ,envoy
Brian Morris,bmorris@heilind.com,Heilind,Tom Buoye,"10/16/2025, 6:57:47 AM","10/16/2025, 9:57:47 AM",3h 0m,,Yes,Visitor,Ace Electronics HQ,envoy
Michael Grosso,mgrosso@phoenixcontact.com,Phoenix contact,Tom Buoye,"10/15/2025, 5:55:00 AM","10/15/2025, 8:55:00 AM",3h 0m,,Yes,Visitor,Ace Electronics HQ,envoy
Thomas Machynko,thomas.j.machynko.civ@mail.mil,Dcma,Steve Weber,"10/15/2025, 5:07:48 AM","10/15/2025, 6:14:25 AM",1h 7m,,Yes,Visitor,Ace Electronics HQ,envoy
Hugh Tousey,hugh.tousey@eaglegroupusa.com,Eagle group,Steve Weber,"10/9/2025, 4:18:35 AM","10/9/2025, 9:44:27 AM",5h 26m,,Yes,Visitor,Ace Electronics HQ,envoy
Hugh Tousey,hugh.tousey@eaglegroupusa.com,Eagle group,Steve Weber,"10/8/2025, 4:23:19 AM","10/8/2025, 11:25:16 AM",7h 2m,,Yes,Visitor,Ace Electronics HQ,envoy
Lucas Stotler,lucas.stotler@baesystems.us,Bae systems,Craig Frost,"9/23/2025, 4:15:15 AM","9/23/2025, 7:15:15 AM",3h 0m,,Yes,Visitor,Ace Electronics HQ,envoy
Jeffrey Samples,jeff.samples@baesystems.com,Bae,Craig Frost,"9/23/2025, 4:10:48 AM","9/23/2025, 7:10:48 AM",3h 0m,,Yes,Visitor,Ace Electronics HQ,envoy
Ivan Romero,ivan.romero@baesystems.us,Bae systems,Craig Frost,"9/23/2025, 4:09:26 AM","9/23/2025, 7:09:26 AM",3h 0m,,Yes,Visitor,Ace Electronics HQ,envoy
Lance Genicola,lance.genicola@baesystems.us,BAE Systems,Craig Frost,"9/23/2025, 4:08:17 AM","9/23/2025, 7:08:17 AM",3h 0m,,Yes,Visitor,Ace Electronics HQ,envoy
Joseph Weaver,joseph.weaver@baesystems.us,BAE Systems,Craig Frost,"9/23/2025, 4:06:51 AM","9/23/2025, 7:06:51 AM",3h 0m,,Yes,Visitor,Ace Electronics HQ,envoy
Kenneth Kassa,kenneth.kassa@baesystems.us,BAE Systems,Craig Frost,"9/23/2025, 4:05:37 AM","9/23/2025, 7:05:37 AM",3h 0m,,Yes,Visitor,Ace Electronics HQ,envoy
Michael Dargis,michael.t.dargis.civ@army.mil,Tacom,Craig Frost,"9/22/2025, 10:28:43 AM","9/22/2025, 1:28:43 PM",3h 0m,,Yes,Visitor,Ace Electronics HQ,envoy
David Yee,david.yee.civ@army.mil,Tacom,Craig Frost,"9/22/2025, 10:27:29 AM","9/22/2025, 1:27:29 PM",3h 0m,,Yes,Visitor,Ace Electronics HQ,envoy
Christina Boily,christina.m.boily.civ@army.mil,TACOM,Craig Frost,"9/22/2025, 10:26:34 AM","9/22/2025, 1:26:34 PM",3h 0m,,Yes,Visitor,Ace Electronics HQ,envoy
Clyde Pearch,clyde.pearch@eaglegroupusa.com,Eagle group usa inc,Eric Jackson,"9/16/2025, 3:51:46 AM","9/16/2025, 11:16:19 AM",7h 25m,,Yes,Visitor,Ace Electronics HQ,envoy
Jason Bender,jasn.bender@ngc.com,NGC,Nish Patel,"9/12/2025, 5:08:41 AM","9/12/2025, 8:08:41 AM",3h 0m,,Yes,Visitor,Ace Electronics HQ,envoy
Leo Creegan,lrcreegan@c-omcast.net,Metalcrafters,Sanjay Parimi,"9/11/2025, 7:13:49 AM","9/11/2025, 10:13:49 AM",3h 0m,,Yes,Visitor,Ace Electronics HQ,envoy
Blair Worth,bworth@marmon.com,Marmon Defense,Mike Serio,"9/11/2025, 5:00:38 AM","9/11/2025, 8:00:38 AM",3h 0m,,Yes,Visitor,Ace Electronics HQ,envoy
Joe Oneill,joe.oneill@savitcorp.com,Savit,Alyssa Ariano,"9/9/2025, 6:29:50 AM","9/9/2025, 9:29:50 AM",3h 0m,,Yes,Visitor,Ace Electronics HQ,envoy
Mark Hovaniak,markhov@erarrps.com,Era,Parth Patel,"8/29/2025, 6:25:28 AM","8/29/2025, 9:25:28 AM",3h 0m,,Yes,Visitor,Ace Electronics HQ,envoy
Matthew Walker,matthew.j.walker@lmco.com,Lockheed,Steve Weber,"8/21/2025, 7:01:52 AM","8/21/2025, 7:56:57 AM",55m,,Citizen,Visitor,Ace Electronics HQ,envoy
William Caporellie,william.a.caporellie.civ@army.mil,Army,Amanda Ariano,"8/20/2025, 4:36:48 AM","8/20/2025, 7:36:48 AM",3h 0m,,Yes,Visitor,Ace Electronics HQ,envoy
David Gordon,dgordon@te.com,Te,Steve Weber,"8/11/2025, 4:18:35 AM","8/11/2025, 9:16:28 AM",4h 58m,,Yes,Visitor,Ace Electronics HQ,envoy
Russell Keating,rkeating@powell.com,Powell Elec,Sue Di Vila,"8/7/2025, 5:51:05 AM","8/7/2025, 8:51:05 AM",3h 0m,,Yes,Visitor,Ace Electronics HQ,envoy
Christine Ryan,christine@solaricreative.com,Solari,Sue Di Vila,"8/6/2025, 7:32:30 AM","8/6/2025, 10:32:30 AM",3h 0m,,Yes,Visitor,Ace Electronics HQ,envoy
Ashwin Patel,apatel@breeze-eastern.com,Breeze,Amanda Ariano,"8/1/2025, 4:29:10 AM","8/1/2025, 4:42:55 AM",14m,,Yes,Visitor,Ace Electronics HQ,envoy
Greg Johnson,gjohnson@luptons.com,Luptons,Sanjay Parimi,"7/28/2025, 6:58:36 AM","7/28/2025, 8:24:31 AM",1h 26m,,Yes,Visitor,Ace Electronics HQ,envoy
Thomas Machynko,thomas.j.machynko.civ@mail.mil,Dcma,Amanda Ariano,"7/23/2025, 4:51:12 AM","7/23/2025, 5:25:43 AM",35m,,Yes,Visitor,Ace Electronics HQ,envoy
Hen Dobkin,hen.american@gmail.com,Imod,Jimmy Pace,"7/15/2025, 6:57:23 AM","7/15/2025, 11:19:47 AM",4h 22m,,No,Visitor,Ace Electronics HQ,envoy
Alex Gass,alexgass.mail@gmail.com,Idf,Jimmy Pace,"7/15/2025, 4:29:54 AM","7/15/2025, 10:00:33 AM",5h 31m,,No,Visitor,Ace Electronics HQ,envoy
Eviatar Yosef,eviatar_yosef@mod.gov.il,IMOD,Jimmy Pace,"7/15/2025, 4:26:23 AM","7/15/2025, 11:19:39 AM",6h 53m,,No,Visitor,Ace Electronics HQ,envoy
James Thomson,james.thomson@elbitamerica.com,Elbit,Nish Patel,"7/15/2025, 3:54:39 AM","7/15/2025, 11:19:31 AM",7h 25m,,Yes,Visitor,Ace Electronics HQ,envoy
William Caporellie,william.a.caporellie.civ@army.mil,Army,Amanda Ariano,"7/10/2025, 4:50:11 AM","7/10/2025, 7:03:06 AM",2h 13m,,Yes,Visitor,Ace Electronics HQ,envoy
Thomas Machynko,thomas.j.machynko.civ@mail.mil,Dcma,Steve Weber,"6/24/2025, 4:46:31 AM","6/24/2025, 5:09:20 AM",23m,,Yes,Visitor,Ace Electronics HQ,envoy
Clyde Pearch,clyde.pearch@eaglegroupusa.com,Eagle group usa inc,Eric Butler,"6/24/2025, 4:19:58 AM","6/24/2025, 9:16:40 AM",4h 57m,,Yes,Visitor,Ace Electronics HQ,envoy
Mike Lucas,governmentmarketingusa@gmail.com,Spacecraft,Mike Serio,"6/19/2025, 4:52:28 AM","6/19/2025, 7:52:28 AM",3h 0m,,Us,Visitor,Ace Electronics HQ,envoy
Matthew Walker,matthew.j.walker@lmco.com,Lockheed,Steve Weber,"6/17/2025, 6:57:44 AM","6/17/2025, 7:54:27 AM",57m,,Citizen,Visitor,Ace Electronics HQ,envoy
Ashwin Patel,apatel@breeze-eastern.com,Breeze,Steve Weber,"6/13/2025, 4:14:33 AM","6/13/2025, 4:27:01 AM",12m,,Yes,Visitor,Ace Electronics HQ,envoy
Pamella Ledingham,pam.ledingham@us.fdhaero.com,FDH,Tom Buoye,"6/12/2025, 7:15:32 AM","6/12/2025, 10:15:32 AM",3h 0m,,Yes,Visitor,Ace Electronics HQ,envoy
Kate Primavera,kate.primavera@peigenesis.com,PEI GENESIS,Mike Serio,"6/11/2025, 9:33:45 AM","6/11/2025, 12:33:45 PM",3h 0m,,Yes,Visitor,Ace Electronics HQ,envoy
Ryan Fischer,ryan.fischer2@keyence.com,Keyence,Sanjay Parimi,"6/6/2025, 6:53:08 AM","6/6/2025, 8:39:37 AM",1h 46m,,Yes,Visitor,Ace Electronics HQ,envoy
Bill Brouwer,bbrouwer@iewc.com,Iewc,Tom Buoye,"6/5/2025, 5:28:34 AM","6/5/2025, 8:28:34 AM",3h 0m,,Yes,Visitor,Ace Electronics HQ,envoy
William Caporellie,william.a.caporellie.civ@army.mil,Army,Steve Weber,"5/29/2025, 4:22:35 AM","5/29/2025, 7:22:35 AM",3h 0m,,Yes,Visitor,Ace Electronics HQ,envoy
Bill Frame,wfframejr@gmail.com,FP,Nish Patel,"5/28/2025, 6:35:10 AM","5/28/2025, 9:35:10 AM",3h 0m,,Yes,Visitor,Ace Electronics HQ,envoy
Glenn Davis,gdavis@hughespeters.com,Hughes Peters,Tom Buoye,"5/22/2025, 7:31:34 AM","5/22/2025, 10:31:34 AM",3h 0m,,Yes,Visitor,Ace Electronics HQ,envoy
William Caporellie,william.a.caporellie.civ@army.mil,Army,Steve Weber,"5/22/2025, 4:41:41 AM","5/22/2025, 7:21:04 AM",2h 39m,,Yes,Visitor,Ace Electronics HQ,envoy
Elizabeth Betts,elizabeth.q.betts.civ@army.mil,Army,Steve Weber,"5/22/2025, 4:41:10 AM","5/22/2025, 7:21:11 AM",2h 40m,,Citizen,Visitor,Ace Electronics HQ,envoy
Thomas Machynko,thomas.j.machynko.civ@mail.mil,Dcma,Amanda Ariano,"5/20/2025, 5:08:37 AM","5/20/2025, 5:44:55 AM",36m,,Yes,Visitor,Ace Electronics HQ,envoy
Bill Vivino,bvivino@totaltechnologyinc.net,Total tech,Madeline Rivera,"5/19/2025, 10:39:51 AM","5/19/2025, 1:39:51 PM",3h 0m,,Yes,Visitor,Ace Electronics HQ,envoy
Matthew Walker,matthew.j.walker@lmco.com,Lockheed,Steve Weber,"5/19/2025, 7:14:15 AM","5/19/2025, 8:27:17 AM",1h 13m,,Citizen,Visitor,Ace Electronics HQ,envoy
Eric Jackson,ejackson@aceelectronics.com,Ace Electronics,Pam Schweitzer,"5/14/2025, 11:08:32 AM","5/14/2025, 2:08:32 PM",3h 0m,,Yes,Visitor,Ace Electronics HQ,envoy
Ashwin Patel,apatel@breeze-eastern.com,Breeze,Steve Weber,"5/12/2025, 9:14:40 AM","5/12/2025, 9:26:51 AM",12m,,Yes,Visitor,Ace Electronics HQ,envoy
Thomas Machynko,thomas.j.machynko.civ@mail.mil,Dcma,Amanda Ariano,"5/7/2025, 5:19:41 AM","5/7/2025, 5:33:44 AM",14m,,Yes,Visitor,Ace Electronics HQ,envoy
Ashwin Patel,apatel@breeze-eastern.com,Breeze,Steve Weber,"5/7/2025, 3:33:13 AM","5/7/2025, 6:33:13 AM",3h 0m,,Yes,Visitor,Ace Electronics HQ,envoy
Thomas Machynko,thomas.j.machynko.civ@mail.mil,Dcma,Steve Weber,"4/29/2025, 6:45:46 AM","4/29/2025, 7:47:43 AM",1h 2m,,Yes,Visitor,Ace Electronics HQ,envoy
Matthew Walker,matthew.j.walker@lmco.com,Lockheed,Steve Weber,"4/29/2025, 6:34:52 AM","4/29/2025, 7:59:52 AM",1h 25m,,Citizen,Visitor,Ace Electronics HQ,envoy
Thomas Machynko,thomas.j.machynko.civ@mail.mil,Dcma,Steve Weber,"4/24/2025, 5:19:07 AM","4/24/2025, 6:20:47 AM",1h 2m,,Yes,Visitor,Ace Electronics HQ,envoy
Ashwin Patel,apatel@breeze-eastern.com,Breeze,Steve Weber,"4/24/2025, 4:29:35 AM","4/24/2025, 4:53:09 AM",24m,,Yes,Visitor,Ace Electronics HQ,envoy
Chrissi Serio,cad@aceelectronics.com,Ace,Sue Di Vila,"4/22/2025, 10:47:47 AM","4/22/2025, 1:47:47 PM",3h 0m,,Yes,Visitor,Ace Electronics HQ,envoy
Matt Walker,matthew.j.walker@lmco.com,Lockheed martin,Steve Weber,"4/21/2025, 8:24:48 AM","4/21/2025, 9:24:55 AM",1h 0m,,Yes,Visitor,Ace Electronics HQ,envoy
Elizabeth Betts,elizabeth.q.betts.civ@army.mil,Army,Steve Weber,"4/17/2025, 4:50:31 AM","4/17/2025, 8:24:46 AM",3h 34m,,Citizen,Visitor,Ace Electronics HQ,envoy
William Caporellie,william.a.caporellie.civ@army.mil,Army,Steve Weber,"4/17/2025, 4:49:10 AM","4/17/2025, 8:24:39 AM",3h 35m,,Yes,Visitor,Ace Electronics HQ,envoy
James Thomson,james.thomson@elbitamerica.com,Elbit,Steve Weber,"4/15/2025, 3:40:12 AM","4/15/2025, 10:47:11 AM",7h 7m,,Yes,Visitor,Ace Electronics HQ,envoy
Bill Vivino,bvivino@totaltechnologyinc.net,Total tech,Nish Patel,"4/11/2025, 5:45:06 AM","4/11/2025, 8:45:06 AM",3h 0m,,Yes,Visitor,Ace Electronics HQ,envoy
Walter A Hardy,walt.hardy@verizon.net,LM,Steve Weber,"4/9/2025, 6:56:45 AM","4/9/2025, 8:27:11 AM",1h 30m,,Yes,Visitor,Ace Electronics HQ,envoy
Russell B Keating III,rkeating@powell.com,Powell Elec,Tom Buoye,"4/4/2025, 6:27:20 AM","4/4/2025, 9:27:20 AM",3h 0m,,Yes,Visitor,Ace Electronics HQ,envoy
Ken Jillson,ken@freedom-atlantic.com,Freedom Atlantic,Tom Buoye,"4/3/2025, 8:57:56 AM","4/3/2025, 11:57:56 AM",3h 0m,,Yes,Visitor,Ace Electronics HQ,envoy
Russell B Keating III,rkeating@powell.com,Powell Elec,Tom Buoye,"4/3/2025, 8:40:27 AM","4/3/2025, 11:40:27 AM",3h 0m,,Yes,Visitor,Ace Electronics HQ,envoy
Yosef Barell,yossi@sometltd.com,Somet,Tom Buoye,"3/31/2025, 9:31:21 AM","3/31/2025, 12:31:21 PM",3h 0m,,Yes,Visitor,Ace Electronics HQ,envoy
Russell Pepe,russell.pepe@atm1.com,ATM,Tom Buoye,"3/31/2025, 9:17:09 AM","3/31/2025, 11:15:05 AM",1h 58m,,Yes,Visitor,Ace Electronics HQ,envoy
Robert F Ibrahim,robert@ibrahimwealth.com,Ibrahim Wealth Advisory Group,Nish Patel,"3/27/2025, 5:10:19 AM","3/27/2025, 8:10:19 AM",3h 0m,,Yes,Visitor,Ace Electronics HQ,envoy
Ashwin Patel,apatel@breeze-eastern.com,Breeze,Steve Weber,"3/26/2025, 4:03:53 AM","3/26/2025, 4:28:22 AM",24m,,Yes,Visitor,Ace Electronics HQ,envoy
William Caporellie,william.a.caporellie.civ@army.mil,Army,Steve Weber,"3/20/2025, 5:23:51 AM","3/20/2025, 8:23:51 AM",3h 0m,,Yes,Visitor,Ace Electronics HQ,envoy
Jason Baggett,jason.k.baggett@gmail.com,Sensor Systems,Nish Patel,"3/14/2025, 5:48:06 AM","3/14/2025, 8:48:06 AM",3h 0m,,Yes,Visitor,Ace Electronics HQ,envoy
Ashwin Patel,apatel@breeze-eastern.com,Breeze,Steve Weber,"3/12/2025, 8:58:18 AM","3/12/2025, 9:29:57 AM",32m,,Yes,Visitor,Ace Electronics HQ,envoy
Hashim Reza,shreza16@gmail.com,Marotta,Amanda Ariano,"3/11/2025, 6:05:00 AM","3/11/2025, 6:59:15 AM",54m,,Yes,Visitor,Ace Electronics HQ,envoy
Stephen Owens,sowens@marotta.com,Marotta,Tom Buoye,"3/5/2025, 11:26:24 AM","3/5/2025, 12:52:09 PM",1h 26m,,Yes,Visitor,Ace Electronics HQ,envoy
Matthew Walker,matthew.j.walker@lmco.com,Lockheed,Steve Weber,"3/4/2025, 5:31:36 AM","3/4/2025, 6:33:49 AM",1h 2m,,Citizen,Visitor,Ace Electronics HQ,envoy
Fernando Chacon,fernando.a.chacon@wellsfargo.com,Wells Fargo,Nish Patel,"3/4/2025, 4:58:39 AM","3/4/2025, 7:58:39 AM",3h 0m,,US,Visitor,Ace Electronics HQ,envoy
Dario Promutico,dario.promutico@ttiinc.com,Tti,Tom Buoye,"2/25/2025, 4:57:21 AM","2/25/2025, 7:57:21 AM",3h 0m,,Yes,Visitor,Ace Electronics HQ,envoy
Pamella Ledingham,pam.ledingham@us.fdhaero.com,FDH,Tom Buoye,"2/25/2025, 4:56:12 AM","2/25/2025, 7:56:12 AM",3h 0m,,Yes,Visitor,Ace Electronics HQ,envoy
Glenn Davis,gdavis@hughespeters.com,Hughes Peters,Tom Buoye,"2/21/2025, 6:38:51 AM","2/21/2025, 7:46:43 AM",1h 8m,,Yes,Visitor,Ace Electronics HQ,envoy
Thomas Machynko,thomas.j.machynko.civ@mail.mil,Dcma,Steve Weber,"2/21/2025, 3:54:32 AM","2/21/2025, 4:25:37 AM",31m,,Yes,Visitor,Ace Electronics HQ,envoy
Michael Markulec,mmarkulec@harbortg.com,Harbor,Parth Patel,"2/20/2025, 3:56:42 AM","2/20/2025, 5:38:22 AM",1h 42m,,Usa,Visitor,Ace Electronics HQ,envoy
John Bilavsky,john@premierbusiness.com,"Premier Business Solutions, Inc",Nish Patel,"2/19/2025, 10:56:43 AM","2/19/2025, 1:56:43 PM",3h 0m,,Yes,Visitor,Ace Electronics HQ,envoy
Hashim Reza,shreza16@gmail.com,Marotta,Steve Weber,"2/17/2025, 4:45:30 AM","2/17/2025, 6:35:33 AM",1h 50m,,Yes,Visitor,Ace Electronics HQ,envoy
Travis Pollak,cjc@centraljerseycompressor.com,Cjc,Parth Patel,"2/13/2025, 10:55:17 AM","2/13/2025, 1:55:17 PM",3h 0m,,Yes,Visitor,Ace Electronics HQ,envoy
Jen Ragaglia,jragaglua@heilind.com,Heilind,Mike Serio,"2/13/2025, 5:03:29 AM","2/13/2025, 5:42:52 AM",39m,,Yes,Visitor,Ace Electronics HQ,envoy
William Caporellie,william.a.caporellie.civ@army.mil,Army,Steve Weber,"2/11/2025, 4:11:13 AM","2/11/2025, 5:42:43 AM",1h 32m,,Yes,Visitor,Ace Electronics HQ,envoy
Rachel Pilius,rachel.r.pilius.civ@army.mil,Mmc,Steve Weber,"2/11/2025, 4:10:14 AM","2/11/2025, 5:42:50 AM",1h 33m,,Yes,Visitor,Ace Electronics HQ,envoy
David Gordon,dgordon@te.com,Te,Steve Weber,"2/11/2025, 3:38:44 AM","2/11/2025, 10:20:01 AM",6h 41m,,Yes,Visitor,Ace Electronics HQ,envoy
Hashim Reza,shreza16@gmail.com,Marotta,Amanda Ariano,"1/30/2025, 8:09:16 AM","1/30/2025, 10:19:09 AM",2h 10m,,Yes,Visitor,Ace Electronics HQ,envoy
Thomas Machynko,thomas.j.machynko.civ@mail.mil,Dcma,Steve Weber,"1/30/2025, 3:51:34 AM","1/30/2025, 4:23:20 AM",32m,,Yes,Visitor,Ace Electronics HQ,envoy
Russell Voorhees,voorheesr@crowleyassociates.com,Crpwley,Steve Weber,"1/29/2025, 5:13:57 AM","1/29/2025, 8:13:57 AM",3h 0m,,Yes,Visitor,Ace Electronics HQ,envoy
Thomas Machynko,thomas.j.machynko.civ@mail.mil,Dcma,Alyssa Ariano,"1/24/2025, 3:45:02 AM","1/24/2025, 5:01:44 AM",1h 17m,,Yes,Visitor,Ace Electronics HQ,envoy
Russell Pepe,russell.pepe@atm1.com,ATM,Tom Buoye,"1/21/2025, 9:06:11 AM","1/21/2025, 10:10:59 AM",1h 5m,,Yes,Visitor,Ace Electronics HQ,envoy
Hashim Reza,shreza16@gmail.com,Marotta,Steve Weber,"1/21/2025, 8:13:47 AM","1/21/2025, 10:09:03 AM",1h 55m,,Yes,Visitor,Ace Electronics HQ,envoy
Matthew Walker,matthew.j.walker@lmco.com,Lockheed,Steve Weber,"1/20/2025, 6:05:30 AM","1/20/2025, 7:05:16 AM",1h 0m,,Citizen,Visitor,Ace Electronics HQ,envoy
Kevin Kerr,kkerr@idsinnovative.com,Ids,Tom Buoye,"1/17/2025, 9:30:10 AM","1/17/2025, 12:30:10 PM",3h 0m,,Yes,Visitor,Ace Electronics HQ,envoy
Christine Musumeci,cmusumeci@triadrf.com,Triadrf Systems,Tom Buoye,"1/17/2025, 5:44:52 AM","1/17/2025, 8:44:52 AM",3h 0m,,Yes,Visitor,Ace Electronics HQ,envoy
Thomas Machynko,thomas.j.machynko.civ@mail.mil,Dcma,Alyssa Ariano,"1/16/2025, 3:57:14 AM","1/16/2025, 4:35:20 AM",38m,,Yes,Visitor,Ace Electronics HQ,envoy
Kevin Kerr,kkerr@idsinnovative.com,Ids,Tom Buoye,"1/15/2025, 5:47:39 AM","1/15/2025, 8:47:39 AM",3h 0m,,Yes,Visitor,Ace Electronics HQ,envoy
Kevin Kerr,kkerr@idsinnovative.com,Ids,Tom Buoye,"1/13/2025, 9:46:23 AM","1/13/2025, 12:46:23 PM",3h 0m,,Yes,Visitor,Ace Electronics HQ,envoy
Steven Bolitho,sbolitho@fisblue.com,FIS Blue,Nish Patel,"1/13/2025, 8:54:37 AM","1/13/2025, 11:54:37 AM",3h 0m,,US Citizen,Visitor,Ace Electronics HQ,envoy
Greg Johnson,gjohnson@luptons.com,Luptons,Eric Butler,"1/7/2025, 9:29:58 AM","1/7/2025, 12:29:58 PM",3h 0m,,Yes,Visitor,Ace Electronics HQ,envoy
William Caporellie,william.a.caporellie.civ@army.mil,,Steve Weber,"1/2/2025, 3:53:37 AM","1/2/2025, 6:42:14 AM",2h 49m,,Yes,Visitor,Ace Electronics HQ,envoy
Rachel Pilius,rachel.r.pilius.civ@army.mil,,Steve Weber,"1/2/2025, 3:52:53 AM","1/2/2025, 6:42:22 AM",2h 49m,,Yes,Visitor,Ace Electronics HQ,envoy
Andreas Georgiades,ageorgiades@biscoind.com,,Madeline Rivera,"12/19/2024, 8:17:12 AM","12/19/2024, 11:17:12 AM",3h 0m,,Yes,Visitor,Ace Electronics HQ,envoy
Thomas Machynko,thomas.j.machynko.civ@mail.mil,,Steve Weber,"12/19/2024, 3:55:47 AM","12/19/2024, 4:27:06 AM",31m,,Yes,Visitor,Ace Electronics HQ,envoy
Jess Scarpa,jscarpa@marotta.com,,Tom Buoye,"12/17/2024, 7:10:46 AM","12/17/2024, 10:10:46 AM",3h 0m,,Yes,Visitor,Ace Electronics HQ,envoy
Kevln Kerr,kkerr@idsinnovative.com,,Tom Buoye,"12/16/2024, 5:53:19 AM","12/16/2024, 8:53:19 AM",3h 0m,,Yes,Visitor,Ace Electronics HQ,envoy
Thomas Machynko,thomas.j.machynko.civ@mail.mil,,Steve Weber,"12/12/2024, 3:57:10 AM","12/12/2024, 5:39:29 AM",1h 42m,,Yes,Visitor,Ace Electronics HQ,envoy
Kevin Kerr,kkerr@idsinnovative.com,,Tom Buoye,"12/10/2024, 9:48:14 AM","12/10/2024, 10:57:59 AM",1h 10m,,Yes,Visitor,Ace Electronics HQ,envoy
Leo creegan,lrcreegan@c-omcast.net,,Mike Serio,"12/10/2024, 6:20:02 AM","12/10/2024, 9:20:02 AM",3h 0m,,Yes,Visitor,Ace Electronics HQ,envoy
Matthew Walker,matthew.j.walker@lmco.com,,Steve Weber,"12/9/2024, 6:31:52 AM","12/9/2024, 7:14:41 AM",43m,,Citizen,Visitor,Ace Electronics HQ,envoy
Pamella Ledingham,pam.ledingham@us.fdhaero.com,FDH,Tom Buoye,"12/6/2024, 6:27:39 AM","12/6/2024, 9:27:39 AM",3h 0m,,Yes,Visitor,Ace Electronics HQ,envoy
Thomas Machynko,thomas.j.machynko.civ@mail.mil,,Steve Weber,"12/6/2024, 4:14:08 AM","12/6/2024, 4:56:22 AM",42m,,Yes,Visitor,Ace Electronics HQ,envoy
Kevin Kerr,kkerr@idsinnovative.com,,Tom Buoye,"11/25/2024, 10:12:08 AM","11/25/2024, 11:04:44 AM",53m,,Yes,Visitor,Ace Electronics HQ,envoy
Will Stoval,will.stoval@keyence.com,,Tom Buoye,"11/22/2024, 9:32:47 AM","11/22/2024, 10:30:53 AM",58m,,Yes,Visitor,Ace Electronics HQ,envoy
Matthew Walker,matthew.j.walker@lmco.com,,Steve Weber,"11/20/2024, 6:03:54 AM","11/20/2024, 7:11:41 AM",1h 8m,,Citizen,Visitor,Ace Electronics HQ,envoy
Kevin Kerr,kkerr@idsinnovative.com,,Tom Buoye,"11/19/2024, 4:53:27 AM","11/19/2024, 6:19:18 AM",1h 26m,,Yes,Visitor,Ace Electronics HQ,envoy
Hashim Reza,shreza16@gmail.com,,Steve Weber,"11/19/2024, 4:29:17 AM","11/19/2024, 7:36:09 AM",3h 7m,,Yes,Visitor,Ace Electronics HQ,envoy
Mike Sorrentino,michael.sorrentino@arrow.com,,Madeline Rivera,"11/14/2024, 5:29:58 AM","11/14/2024, 8:29:58 AM",3h 0m,,Yes,Visitor,Ace Electronics HQ,envoy
Travis dommee,travis.dommer@ng.com,,Alyssa Ariano,"11/12/2024, 8:32:55 AM","11/12/2024, 9:50:06 AM",1h 17m,,Yes,Visitor,Ace Electronics HQ,envoy
Albert Meyer-pflug,albert.meyer-pflug.civ@army.mil,,Alyssa Ariano,"11/12/2024, 8:09:53 AM","11/12/2024, 9:49:56 AM",1h 40m,,Yes,Visitor,Ace Electronics HQ,envoy
Alex Conic,alexander.f.conic.civ@army.mil,,Alyssa Ariano,"11/12/2024, 8:08:40 AM","11/12/2024, 11:08:40 AM",3h 0m,,Yes,Visitor,Ace Electronics HQ,envoy
Matthew Walker,matthew.j.walker@lmco.com,,Steve Weber,"11/5/2024, 6:02:41 AM","11/5/2024, 6:46:31 AM",44m,,Citizen,Visitor,Ace Electronics HQ,envoy
Greg Fobben,gfobben@marotta.com,,Tom Buoye,"11/5/2024, 3:59:09 AM","11/5/2024, 6:59:09 AM",3h 0m,,Yes,Visitor,Ace Electronics HQ,envoy
Mark Acquaviva,mark.acquaviva@a-aelectric.com,,Madeline Rivera,"10/31/2024, 5:43:34 AM","10/31/2024, 8:43:34 AM",3h 0m,,Yes,Visitor,Ace Electronics HQ,envoy
William Caporellie,william.a.caporellie.civ@army.mil,,Steve Weber,"10/23/2024, 5:08:26 AM","10/23/2024, 6:48:36 AM",1h 40m,,Yes,Visitor,Ace Electronics HQ,envoy
Matt Walker,matthew.j.walker@lmco.com,,Steve Weber,"10/22/2024, 7:01:58 AM","10/22/2024, 8:48:38 AM",1h 47m,,Yes,Visitor,Ace Electronics HQ,envoy
John Hedderich,johnfred258@yahoo.com,,Sanjay Parimi,"10/22/2024, 5:15:37 AM","10/22/2024, 8:15:37 AM",3h 0m,,Yes,Visitor,Ace Electronics HQ,envoy
Gary Embley,gembley@breeze-eastern.com,,Sharyn Lennox,"10/22/2024, 5:01:11 AM","10/22/2024, 6:21:45 AM",1h 21m,,USA,Visitor,Ace Electronics HQ,envoy
Thomas Machynko,thomas.j.machynko.civ@mail.mil,,Steve Weber,"10/18/2024, 5:06:53 AM","10/18/2024, 6:27:17 AM",1h 20m,,Yes,Visitor,Ace Electronics HQ,envoy
Todd Maddox,todd.maddox@peigenesis.com,,Mike Serio,"10/17/2024, 10:49:56 AM","10/17/2024, 11:18:32 AM",29m,,Yes,Visitor,Ace Electronics HQ,envoy
Christine Serio,cad@aceelectronics.com,,Madeline Rivera,"10/11/2024, 8:00:26 AM","10/11/2024, 8:01:14 AM",1m,,Yes,Visitor,Ace Electronics HQ,envoy
Mark Hovaniak,markhov@erarrps.com,,Parth Patel,"10/11/2024, 5:36:49 AM","10/11/2024, 8:36:49 AM",3h 0m,,Yes,Visitor,Ace Electronics HQ,envoy
Matthew Walker,matthew.j.walker@lmco.com,,Steve Weber,"10/10/2024, 6:20:12 AM","10/10/2024, 6:58:06 AM",38m,,Citizen,Visitor,Ace Electronics HQ,envoy
John Doran,john.doran@eaglegroupusa.com,,Steve Weber,"10/9/2024, 4:09:57 AM","10/9/2024, 6:10:19 AM",2h 0m,,Yes,Visitor,Ace Electronics HQ,envoy
John Doran,john.doran@eaglegroupusa.com,,Steve Weber,"10/8/2024, 4:08:59 AM","10/9/2024, 6:10:11 AM",26h 1m,,Yes,Visitor,Ace Electronics HQ,envoy
Donovan Vaughan,donovan.vaughan@kla-tencor.com,,Tom Buoye,"10/2/2024, 6:44:35 AM","10/2/2024, 8:23:54 AM",1h 39m,,Yes,Visitor,Ace Electronics HQ,envoy
Gregg Torre + 2,,,Amanda Ariano,"9/26/2024, 4:24:25 AM","9/26/2024, 7:24:25 AM",3h 0m,,Yes,Visitor,Ace Electronics HQ,envoy
Gregg Torre + 1,,,Amanda Ariano,"9/26/2024, 4:24:25 AM","9/26/2024, 7:24:25 AM",3h 0m,,Yes,Visitor,Ace Electronics HQ,envoy
Gregg Torre,gtorre@marotta.com,,Amanda Ariano,"9/26/2024, 4:24:25 AM","9/26/2024, 7:24:25 AM",3h 0m,,Yes,Visitor,Ace Electronics HQ,envoy
Glenn Davis,gdavis@hughespeters.com,,Tom Buoye,"9/24/2024, 9:43:06 AM","9/24/2024, 12:43:06 PM",3h 0m,,Yes,Visitor,Ace Electronics HQ,envoy
Mike Smith,msmith@hughespeters.com,,Tom Buoye,"9/24/2024, 9:40:55 AM","9/24/2024, 12:40:55 PM",3h 0m,,Yes,Visitor,Ace Electronics HQ,envoy
Amelia Carta + 1,,,Sue Di Vila,"9/20/2024, 5:04:44 AM","9/20/2024, 9:48:55 AM",4h 44m,,No,Visitor,Ace Electronics HQ,envoy
Amelia Carta,amelia.carta@chelton.com,,Sue Di Vila,"9/20/2024, 5:04:44 AM","9/20/2024, 9:48:55 AM",4h 44m,,No,Visitor,Ace Electronics HQ,envoy
Thomas Machynko,thomas.j.machynko.civ@mail.mil,,Amanda Ariano,"9/20/2024, 4:48:11 AM","9/20/2024, 6:23:47 AM",1h 36m,,Yes,Visitor,Ace Electronics HQ,envoy
Shakeeb Julien,shakeeb_julien@lincolneletric.com,,Steve Weber,"9/20/2024, 4:02:27 AM","9/20/2024, 10:06:21 AM",6h 4m,,Yes,Visitor,Ace Electronics HQ,envoy